6.40,6.42,6.47,6.53,6.62,6.72,6.84,6.97,7.11,7.26,7.41,7.57,7.72,7.87,8.02,8.17,8.30,8.44,8.57,8.69,8.81,8.93,9.04,9.15,9.26,9.37,9.48,9.59,9.71,9.83,9.96,10.09,10.24,10.40,10.57,10.76,10.96,11.18,11.41,11.66,11.92,12.19,12.46,12.73,13.01,13.28,13.55,13.84,14.14,14.47,14.84,15.27,15.75,16.27,16.79,17.28,17.68,17.94,18.04,17.97,17.75,17.41,17.00,16.53,16.04,15.55,15.07,14.61,14.18,13.78,13.42,13.10,12.81,12.57,12.37,12.20,12.07,11.98,11.92,11.88,11.86,11.84,11.82,11.79,11.74,11.66,11.55,11.40,11.22,11.02,10.79,10.53,10.27,10.00,9.73,9.46,9.21,8.97,8.75,8.55,
6.30,6.32,6.37,6.43,6.52,6.63,6.75,6.89,7.04,7.20,7.35,7.51,7.67,7.83,7.98,8.13,8.27,8.40,8.53,8.65,8.77,8.89,9.00,9.11,9.22,9.32,9.43,9.54,9.65,9.77,9.89,10.03,10.17,10.33,10.50,10.69,10.89,11.12,11.36,11.62,11.89,12.18,12.46,12.75,13.03,13.30,13.57,13.84,14.13,14.44,14.79,15.20,15.67,16.18,16.72,17.21,17.62,17.89,17.99,17.92,17.70,17.36,16.94,16.48,15.99,15.50,15.02,14.56,14.13,13.74,13.38,13.06,12.78,12.54,12.34,12.18,12.06,11.98,11.93,11.90,11.89,11.89,11.88,11.86,11.82,11.74,11.62,11.47,11.28,11.05,10.80,10.53,10.24,9.94,9.65,9.36,9.09,8.83,8.60,8.39,
6.21,6.23,6.27,6.34,6.43,6.54,6.67,6.82,6.97,7.13,7.30,7.46,7.63,7.79,7.94,8.09,8.23,8.37,8.50,8.62,8.74,8.85,8.96,9.07,9.17,9.27,9.38,9.48,9.59,9.70,9.82,9.95,10.09,10.24,10.42,10.61,10.82,11.05,11.30,11.58,11.86,12.16,12.47,12.77,13.06,13.34,13.60,13.86,14.12,14.41,14.73,15.11,15.55,16.05,16.57,17.06,17.47,17.73,17.84,17.77,17.56,17.23,16.82,16.37,15.89,15.41,14.94,14.49,14.06,13.68,13.32,13.01,12.73,12.50,12.31,12.15,12.04,11.97,11.93,11.92,11.93,11.94,11.95,11.94,11.90,11.82,11.70,11.54,11.33,11.09,10.81,10.51,10.20,9.88,9.56,9.25,8.96,8.68,8.43,8.21,
6.12,6.14,6.18,6.25,6.35,6.47,6.60,6.75,6.91,7.08,7.25,7.42,7.58,7.75,7.90,8.05,8.20,8.33,8.46,8.58,8.70,8.81,8.92,9.02,9.12,9.22,9.32,9.42,9.52,9.63,9.74,9.86,10.00,10.15,10.32,10.51,10.73,10.97,11.23,11.52,11.83,12.15,12.47,12.79,13.10,13.38,13.64,13.89,14.13,14.38,14.66,14.99,15.40,15.86,16.35,16.83,17.22,17.49,17.59,17.54,17.34,17.03,16.64,16.20,15.74,15.28,14.83,14.39,13.98,13.60,13.26,12.95,12.68,12.46,12.27,12.13,12.03,11.97,11.94,11.94,11.96,11.99,12.01,12.01,11.97,11.89,11.77,11.60,11.37,11.11,10.81,10.49,10.15,9.80,9.45,9.12,8.80,8.51,8.25,8.02,
6.04,6.06,6.10,6.18,6.27,6.40,6.54,6.69,6.86,7.03,7.20,7.38,7.55,7.71,7.87,8.02,8.17,8.30,8.43,8.55,8.66,8.77,8.88,8.98,9.07,9.17,9.26,9.35,9.45,9.55,9.65,9.77,9.90,10.05,10.21,10.41,10.62,10.87,11.15,11.45,11.78,12.13,12.48,12.82,13.15,13.44,13.71,13.94,14.15,14.36,14.59,14.88,15.23,15.64,16.09,16.53,16.90,17.16,17.27,17.22,17.05,16.76,16.41,16.00,15.56,15.12,14.69,14.27,13.88,13.52,13.18,12.89,12.63,12.41,12.24,12.10,12.01,11.96,11.95,11.96,11.99,12.03,12.06,12.07,12.04,11.96,11.83,11.65,11.41,11.12,10.80,10.45,10.08,9.70,9.32,8.96,8.62,8.31,8.04,7.80,
5.97,5.99,6.03,6.11,6.21,6.33,6.48,6.64,6.81,6.99,7.17,7.34,7.52,7.68,7.84,7.99,8.14,8.27,8.40,8.52,8.63,8.73,8.83,8.93,9.02,9.11,9.20,9.28,9.37,9.46,9.56,9.67,9.79,9.93,10.09,10.28,10.50,10.76,11.05,11.37,11.73,12.10,12.48,12.86,13.21,13.52,13.79,14.01,14.20,14.37,14.55,14.77,15.06,15.41,15.80,16.20,16.53,16.77,16.88,16.85,16.70,16.45,16.13,15.75,15.35,14.94,14.54,14.14,13.77,13.42,13.10,12.82,12.57,12.37,12.20,12.07,11.99,11.95,11.95,11.97,12.02,12.07,12.11,12.12,12.10,12.02,11.88,11.68,11.43,11.12,10.77,10.39,9.99,9.58,9.17,8.79,8.42,8.09,7.80,7.55,
5.91,5.93,5.98,6.05,6.16,6.28,6.43,6.60,6.77,6.95,7.13,7.31,7.49,7.66,7.82,7.97,8.11,8.24,8.37,8.48,8.59,8.70,8.79,8.88,8.97,9.05,9.13,9.21,9.29,9.37,9.46,9.56,9.67,9.80,9.95,10.14,10.36,10.62,10.92,11.27,11.65,12.06,12.48,12.90,13.29,13.63,13.91,14.12,14.28,14.40,14.53,14.68,14.90,15.18,15.51,15.84,16.14,16.36,16.47,16.45,16.33,16.11,15.82,15.49,15.12,14.74,14.36,14.00,13.65,13.32,13.02,12.75,12.51,12.32,12.16,12.04,11.97,11.94,11.94,11.98,12.03,12.09,12.14,12.16,12.14,12.06,11.91,11.70,11.43,11.10,10.72,10.31,9.87,9.43,9.00,8.58,8.20,7.85,7.54,7.28,
5.87,5.89,5.93,6.01,6.12,6.25,6.40,6.57,6.74,6.93,7.11,7.29,7.47,7.64,7.79,7.94,8.09,8.22,8.34,8.45,8.56,8.66,8.75,8.83,8.91,8.99,9.06,9.13,9.20,9.27,9.35,9.43,9.53,9.65,9.80,9.97,10.19,10.46,10.77,11.14,11.56,12.01,12.48,12.94,13.38,13.75,14.05,14.26,14.40,14.48,14.54,14.63,14.77,14.97,15.23,15.50,15.76,15.95,16.04,16.04,15.94,15.75,15.50,15.20,14.87,14.53,14.18,13.84,13.52,13.21,12.93,12.67,12.45,12.27,12.12,12.01,11.95,11.92,11.93,11.97,12.03,12.10,12.15,12.17,12.15,12.06,11.91,11.69,11.40,11.04,10.64,10.20,9.73,9.26,8.79,8.35,7.94,7.57,7.26,6.99,
5.85,5.86,5.91,5.99,6.09,6.23,6.38,6.55,6.73,6.91,7.10,7.28,7.45,7.62,7.78,7.93,8.06,8.19,8.31,8.42,8.52,8.62,8.70,8.78,8.86,8.93,8.99,9.05,9.11,9.17,9.23,9.30,9.39,9.49,9.62,9.79,10.00,10.26,10.59,10.98,11.43,11.93,12.46,12.98,13.47,13.90,14.22,14.44,14.55,14.59,14.59,14.61,14.67,14.79,14.98,15.19,15.39,15.55,15.63,15.64,15.55,15.40,15.18,14.92,14.62,14.31,14.00,13.68,13.38,13.10,12.83,12.60,12.39,12.21,12.08,11.98,11.92,11.89,11.91,11.95,12.02,12.08,12.14,12.16,12.13,12.04,11.88,11.65,11.34,10.96,10.53,10.06,9.56,9.06,8.56,8.09,7.66,7.27,6.94,6.67,
5.84,5.85,5.90,5.98,6.08,6.22,6.37,6.54,6.72,6.91,7.09,7.27,7.44,7.61,7.76,7.91,8.05,8.17,8.29,8.39,8.49,8.58,8.66,8.73,8.80,8.86,8.92,8.97,9.01,9.06,9.11,9.16,9.23,9.31,9.42,9.57,9.77,10.04,10.37,10.79,11.27,11.82,12.42,13.01,13.57,14.04,14.40,14.63,14.73,14.73,14.67,14.62,14.60,14.65,14.76,14.91,15.06,15.18,15.25,15.25,15.18,15.05,14.86,14.63,14.37,14.09,13.81,13.52,13.25,12.98,12.74,12.52,12.32,12.16,12.03,11.94,11.88,11.86,11.88,11.92,11.98,12.05,12.10,12.12,12.08,11.99,11.82,11.57,11.24,10.84,10.39,9.89,9.36,8.82,8.30,7.80,7.34,6.93,6.59,6.32,
5.84,5.86,5.91,5.98,6.09,6.23,6.38,6.55,6.73,6.91,7.09,7.27,7.44,7.60,7.75,7.90,8.03,8.15,8.26,8.36,8.46,8.54,8.62,8.68,8.74,8.80,8.84,8.88,8.91,8.94,8.97,9.01,9.05,9.11,9.20,9.33,9.52,9.77,10.11,10.54,11.07,11.67,12.33,13.01,13.64,14.18,14.58,14.82,14.91,14.87,14.77,14.65,14.56,14.54,14.58,14.67,14.77,14.85,14.90,14.90,14.84,14.72,14.56,14.36,14.13,13.88,13.62,13.36,13.11,12.87,12.64,12.44,12.25,12.10,11.98,11.89,11.84,11.82,11.83,11.87,11.93,11.99,12.03,12.04,12.00,11.89,11.71,11.45,11.11,10.69,10.21,9.68,9.12,8.56,8.00,7.47,6.99,6.57,6.22,5.94,
5.87,5.88,5.93,6.01,6.12,6.25,6.40,6.57,6.74,6.92,7.10,7.28,7.44,7.60,7.75,7.89,8.01,8.13,8.24,8.34,8.43,8.50,8.57,8.63,8.69,8.73,8.77,8.79,8.81,8.83,8.84,8.85,8.87,8.90,8.96,9.07,9.23,9.47,9.80,10.25,10.80,11.47,12.20,12.96,13.68,14.29,14.73,14.99,15.07,15.00,14.85,14.68,14.53,14.45,14.43,14.46,14.51,14.56,14.59,14.57,14.52,14.41,14.27,14.09,13.89,13.67,13.44,13.20,12.97,12.75,12.54,12.35,12.19,12.04,11.93,11.84,11.79,11.77,11.78,11.81,11.86,11.90,11.93,11.93,11.88,11.76,11.57,11.29,10.94,10.50,10.00,9.44,8.86,8.26,7.67,7.12,6.62,6.18,5.82,5.55,
5.91,5.93,5.97,6.05,6.16,6.29,6.44,6.60,6.77,6.95,7.12,7.29,7.45,7.60,7.75,7.88,8.00,8.12,8.22,8.31,8.39,8.47,8.53,8.59,8.63,8.66,8.69,8.70,8.71,8.71,8.70,8.68,8.68,8.68,8.71,8.77,8.90,9.12,9.44,9.89,10.48,11.19,12.00,12.85,13.65,14.33,14.82,15.10,15.17,15.08,14.90,14.68,14.50,14.36,14.29,14.27,14.28,14.30,14.30,14.28,14.22,14.13,14.00,13.84,13.66,13.46,13.26,13.05,12.84,12.64,12.45,12.27,12.11,11.98,11.87,11.79,11.74,11.71,11.72,11.74,11.77,11.80,11.82,11.80,11.73,11.60,11.39,11.10,10.73,10.28,9.76,9.18,8.57,7.94,7.32,6.74,6.22,5.77,5.41,5.13,
5.97,5.98,6.03,6.11,6.21,6.34,6.48,6.64,6.81,6.98,7.14,7.31,7.46,7.61,7.75,7.87,7.99,8.10,8.20,8.28,8.36,8.43,8.49,8.54,8.57,8.60,8.61,8.62,8.61,8.59,8.56,8.52,8.48,8.44,8.43,8.46,8.55,8.72,9.02,9.47,10.08,10.84,11.72,12.65,13.53,14.28,14.82,15.12,15.19,15.09,14.89,14.65,14.44,14.27,14.16,14.10,14.07,14.06,14.05,14.01,13.96,13.87,13.75,13.61,13.45,13.27,13.09,12.90,12.71,12.52,12.35,12.19,12.04,11.92,11.81,11.73,11.68,11.65,11.64,11.65,11.67,11.68,11.68,11.64,11.56,11.41,11.19,10.88,10.50,10.03,9.49,8.89,8.25,7.60,6.96,6.35,5.81,5.34,4.98,4.71,
6.04,6.05,6.10,6.18,6.28,6.40,6.54,6.69,6.85,7.01,7.17,7.33,7.48,7.62,7.75,7.87,7.98,8.08,8.18,8.26,8.33,8.39,8.45,8.49,8.52,8.54,8.54,8.53,8.51,8.47,8.41,8.35,8.28,8.20,8.15,8.12,8.16,8.30,8.56,8.99,9.61,10.41,11.35,12.35,13.30,14.11,14.69,15.02,15.11,15.01,14.81,14.57,14.34,14.15,14.02,13.93,13.88,13.85,13.81,13.77,13.71,13.63,13.52,13.39,13.25,13.09,12.92,12.75,12.58,12.41,12.25,12.10,11.97,11.85,11.75,11.67,11.61,11.58,11.56,11.55,11.55,11.55,11.52,11.47,11.36,11.20,10.96,10.64,10.24,9.76,9.20,8.58,7.92,7.24,6.58,5.95,5.39,4.91,4.54,4.28,
6.12,6.14,6.18,6.26,6.35,6.47,6.60,6.75,6.90,7.05,7.21,7.36,7.50,7.63,7.75,7.87,7.98,8.07,8.16,8.23,8.30,8.36,8.40,8.44,8.46,8.47,8.47,8.45,8.41,8.35,8.28,8.18,8.08,7.97,7.86,7.79,7.77,7.85,8.07,8.47,9.08,9.91,10.89,11.95,12.96,13.81,14.43,14.79,14.90,14.83,14.65,14.42,14.20,14.01,13.87,13.76,13.69,13.64,13.60,13.54,13.48,13.40,13.30,13.19,13.06,12.92,12.77,12.61,12.46,12.31,12.16,12.02,11.90,11.78,11.69,11.61,11.54,11.50,11.47,11.45,11.43,11.40,11.36,11.28,11.16,10.98,10.72,10.39,9.98,9.48,8.91,8.27,7.59,6.89,6.20,5.55,4.97,4.49,4.11,3.86,
6.21,6.23,6.28,6.35,6.44,6.55,6.68,6.81,6.96,7.10,7.25,7.38,7.52,7.64,7.76,7.87,7.97,8.06,8.14,8.21,8.27,8.32,8.36,8.39,8.41,8.41,8.40,8.37,8.32,8.24,8.15,8.03,7.89,7.74,7.58,7.45,7.37,7.39,7.56,7.92,8.53,9.36,10.37,11.46,12.51,13.40,14.05,14.44,14.59,14.56,14.42,14.22,14.02,13.84,13.70,13.59,13.51,13.44,13.39,13.33,13.27,13.19,13.10,13.00,12.88,12.75,12.62,12.48,12.34,12.20,12.07,11.94,11.82,11.72,11.62,11.54,11.47,11.42,11.38,11.34,11.30,11.26,11.19,11.09,10.95,10.75,10.48,10.13,9.71,9.20,8.61,7.96,7.26,6.54,5.83,5.16,4.57,4.08,3.70,3.46,
6.31,6.33,6.38,6.44,6.53,6.64,6.75,6.88,7.02,7.15,7.29,7.42,7.54,7.66,7.77,7.87,7.96,8.04,8.12,8.18,8.24,8.29,8.32,8.35,8.36,8.36,8.34,8.29,8.23,8.14,8.03,7.89,7.72,7.52,7.32,7.14,7.00,6.96,7.07,7.39,7.97,8.80,9.82,10.93,11.99,12.90,13.57,14.00,14.19,14.22,14.12,13.97,13.80,13.64,13.51,13.40,13.32,13.25,13.19,13.14,13.07,13.00,12.92,12.82,12.71,12.60,12.48,12.36,12.23,12.10,11.98,11.86,11.75,11.65,11.55,11.47,11.40,11.34,11.28,11.23,11.18,11.11,11.02,10.90,10.74,10.52,10.24,9.88,9.44,8.93,8.33,7.67,6.96,6.22,5.49,4.81,4.20,3.70,3.33,3.09,
6.41,6.43,6.48,6.54,6.62,6.72,6.83,6.95,7.08,7.20,7.33,7.45,7.56,7.67,7.77,7.87,7.95,8.03,8.10,8.16,8.21,8.25,8.29,8.31,8.31,8.30,8.28,8.23,8.16,8.05,7.92,7.76,7.56,7.34,7.10,6.86,6.67,6.57,6.63,6.91,7.46,8.27,9.28,10.38,11.44,12.35,13.04,13.50,13.74,13.82,13.78,13.68,13.55,13.42,13.30,13.21,13.13,13.06,13.00,12.95,12.88,12.82,12.74,12.65,12.56,12.46,12.35,12.24,12.12,12.01,11.89,11.78,11.68,11.58,11.49,11.40,11.33,11.26,11.19,11.12,11.05,10.97,10.86,10.72,10.54,10.31,10.01,9.64,9.19,8.67,8.06,7.39,6.67,5.93,5.19,4.49,3.88,3.37,3.00,2.76,
6.51,6.54,6.58,6.64,6.72,6.81,6.91,7.02,7.14,7.25,7.37,7.48,7.59,7.69,7.78,7.87,7.95,8.02,8.08,8.14,8.18,8.22,8.25,8.26,8.27,8.25,8.22,8.17,8.09,7.98,7.84,7.66,7.44,7.19,6.92,6.64,6.41,6.27,6.28,6.53,7.05,7.83,8.81,9.88,10.91,11.80,12.50,12.98,13.27,13.40,13.41,13.36,13.28,13.18,13.09,13.01,12.94,12.88,12.82,12.77,12.71,12.65,12.58,12.50,12.41,12.32,12.22,12.12,12.02,11.91,11.81,11.71,11.61,11.51,11.42,11.34,11.26,11.18,11.10,11.02,10.93,10.83,10.71,10.55,10.35,10.10,9.80,9.42,8.96,8.43,7.83,7.15,6.43,5.68,4.93,4.23,3.61,3.10,2.72,2.50,
6.62,6.64,6.68,6.74,6.81,6.90,6.99,7.09,7.20,7.30,7.41,7.51,7.61,7.70,7.79,7.86,7.94,8.00,8.06,8.11,8.15,8.19,8.21,8.22,8.22,8.21,8.17,8.11,8.03,7.92,7.77,7.58,7.35,7.08,6.79,6.49,6.23,6.06,6.05,6.27,6.75,7.50,8.43,9.45,10.43,11.30,11.98,12.48,12.80,12.97,13.04,13.04,13.00,12.94,12.87,12.80,12.75,12.69,12.64,12.59,12.54,12.48,12.42,12.35,12.28,12.19,12.11,12.02,11.92,11.83,11.73,11.63,11.54,11.45,11.36,11.27,11.19,11.10,11.02,10.92,10.82,10.71,10.57,10.39,10.18,9.92,9.60,9.22,8.76,8.23,7.62,6.95,6.22,5.47,4.73,4.02,3.40,2.89,2.52,2.30,
6.72,6.74,6.78,6.84,6.90,6.98,7.07,7.16,7.25,7.35,7.45,7.54,7.63,7.71,7.79,7.86,7.93,7.99,8.04,8.08,8.12,8.15,8.17,8.18,8.18,8.16,8.13,8.07,7.98,7.87,7.71,7.52,7.29,7.01,6.71,6.41,6.14,5.96,5.94,6.14,6.60,7.30,8.17,9.12,10.04,10.85,11.52,12.01,12.36,12.57,12.68,12.72,12.72,12.69,12.64,12.60,12.56,12.51,12.47,12.43,12.38,12.33,12.28,12.22,12.15,12.08,12.00,11.92,11.83,11.75,11.66,11.57,11.48,11.39,11.30,11.21,11.12,11.03,10.94,10.83,10.72,10.59,10.44,10.25,10.03,9.76,9.43,9.04,8.58,8.05,7.45,6.78,6.07,5.33,4.59,3.89,3.27,2.76,2.40,2.18,
6.82,6.84,6.88,6.93,6.99,7.06,7.14,7.22,7.31,7.40,7.48,7.57,7.65,7.72,7.79,7.86,7.92,7.97,8.02,8.06,8.09,8.12,8.14,8.15,8.14,8.12,8.09,8.03,7.95,7.83,7.68,7.49,7.26,7.00,6.70,6.41,6.14,5.97,5.96,6.15,6.57,7.21,8.01,8.88,9.73,10.48,11.11,11.60,11.96,12.19,12.34,12.41,12.44,12.44,12.42,12.40,12.37,12.34,12.30,12.27,12.23,12.19,12.14,12.09,12.03,11.97,11.90,11.82,11.75,11.67,11.59,11.50,11.42,11.33,11.24,11.15,11.06,10.96,10.86,10.75,10.63,10.49,10.32,10.13,9.90,9.62,9.29,8.90,8.44,7.91,7.32,6.66,5.96,5.23,4.51,3.82,3.21,2.71,2.35,2.14,
6.91,6.94,6.97,7.02,7.07,7.14,7.21,7.28,7.36,7.44,7.51,7.59,7.66,7.73,7.79,7.85,7.90,7.95,7.99,8.03,8.06,8.09,8.10,8.11,8.11,8.09,8.05,8.00,7.92,7.81,7.67,7.49,7.27,7.02,6.74,6.47,6.23,6.08,6.07,6.26,6.65,7.24,7.95,8.73,9.50,10.19,10.78,11.25,11.60,11.85,12.02,12.12,12.18,12.20,12.21,12.20,12.19,12.17,12.14,12.12,12.09,12.05,12.01,11.97,11.92,11.86,11.80,11.74,11.67,11.60,11.52,11.44,11.36,11.28,11.19,11.10,11.01,10.91,10.80,10.68,10.55,10.40,10.23,10.02,9.78,9.50,9.17,8.78,8.33,7.81,7.23,6.59,5.90,5.20,4.49,3.82,3.23,2.74,2.38,2.17,
7.00,7.02,7.06,7.10,7.15,7.21,7.27,7.34,7.41,7.48,7.54,7.61,7.67,7.73,7.79,7.84,7.89,7.93,7.97,8.00,8.03,8.05,8.07,8.07,8.07,8.05,8.02,7.97,7.90,7.80,7.67,7.51,7.31,7.08,6.83,6.59,6.38,6.26,6.27,6.45,6.81,7.33,7.97,8.66,9.34,9.96,10.50,10.95,11.29,11.55,11.73,11.85,11.93,11.98,12.00,12.01,12.01,12.00,11.99,11.97,11.95,11.93,11.89,11.86,11.82,11.77,11.72,11.66,11.60,11.53,11.46,11.39,11.31,11.23,11.14,11.05,10.96,10.85,10.74,10.62,10.48,10.33,10.15,9.94,9.69,9.41,9.07,8.69,8.24,7.74,7.17,6.56,5.90,5.21,4.53,3.89,3.31,2.84,2.49,2.28,
7.08,7.10,7.13,7.17,7.22,7.27,7.33,7.39,7.45,7.51,7.57,7.63,7.68,7.74,7.78,7.83,7.87,7.91,7.94,7.97,7.99,8.01,8.03,8.03,8.03,8.02,7.99,7.95,7.89,7.80,7.69,7.54,7.36,7.16,6.95,6.74,6.58,6.49,6.52,6.69,7.01,7.48,8.04,8.64,9.24,9.80,10.29,10.70,11.03,11.28,11.47,11.61,11.71,11.77,11.81,11.83,11.84,11.85,11.85,11.84,11.83,11.81,11.79,11.76,11.72,11.68,11.64,11.59,11.54,11.48,11.41,11.34,11.27,11.19,11.10,11.01,10.92,10.81,10.70,10.57,10.43,10.26,10.08,9.87,9.62,9.34,9.01,8.63,8.19,7.70,7.16,6.56,5.93,5.28,4.63,4.01,3.46,3.01,2.67,2.46,
7.16,7.18,7.21,7.24,7.28,7.33,7.38,7.43,7.48,7.54,7.59,7.64,7.69,7.73,7.78,7.82,7.85,7.88,7.91,7.94,7.96,7.97,7.99,7.99,8.00,7.99,7.97,7.93,7.88,7.81,7.71,7.58,7.44,7.27,7.09,6.93,6.80,6.74,6.78,6.95,7.24,7.65,8.13,8.66,9.18,9.68,10.12,10.50,10.81,11.06,11.25,11.39,11.50,11.57,11.63,11.66,11.69,11.70,11.71,11.71,11.71,11.70,11.68,11.66,11.64,11.61,11.57,11.53,11.48,11.43,11.37,11.30,11.23,11.15,11.07,10.98,10.88,10.78,10.66,10.53,10.38,10.22,10.03,9.82,9.57,9.29,8.96,8.59,8.17,7.70,7.17,6.61,6.01,5.39,4.77,4.19,3.66,3.23,2.90,2.70,
7.23,7.25,7.27,7.30,7.34,7.38,7.42,7.47,7.51,7.56,7.61,7.65,7.69,7.73,7.77,7.80,7.83,7.85,7.88,7.90,7.92,7.93,7.95,7.95,7.96,7.95,7.94,7.91,7.87,7.81,7.73,7.63,7.51,7.38,7.24,7.12,7.02,7.00,7.05,7.21,7.47,7.83,8.25,8.70,9.16,9.59,9.99,10.33,10.62,10.86,11.05,11.20,11.31,11.40,11.46,11.51,11.54,11.57,11.59,11.60,11.60,11.60,11.59,11.58,11.56,11.54,11.51,11.47,11.43,11.38,11.33,11.27,11.20,11.13,11.04,10.96,10.86,10.75,10.63,10.50,10.35,10.18,10.00,9.78,9.54,9.26,8.94,8.58,8.17,7.72,7.22,6.68,6.11,5.53,4.95,4.40,3.91,3.50,3.18,2.98,
7.29,7.31,7.33,7.36,7.39,7.42,7.46,7.50,7.54,7.58,7.62,7.66,7.69,7.72,7.75,7.78,7.80,7.82,7.84,7.86,7.88,7.89,7.90,7.91,7.91,7.91,7.91,7.89,7.86,7.82,7.76,7.68,7.59,7.49,7.39,7.30,7.24,7.24,7.31,7.46,7.69,8.00,8.36,8.75,9.15,9.53,9.89,10.20,10.47,10.69,10.88,11.02,11.14,11.24,11.31,11.37,11.41,11.45,11.47,11.49,11.50,11.51,11.51,11.51,11.50,11.48,11.46,11.43,11.39,11.35,11.30,11.24,11.18,11.11,11.03,10.94,10.84,10.73,10.61,10.48,10.33,10.16,9.97,9.76,9.52,9.25,8.94,8.59,8.20,7.77,7.29,6.79,6.25,5.70,5.16,4.65,4.19,3.80,3.50,3.30,
7.34,7.36,7.38,7.40,7.43,7.46,7.49,7.53,7.56,7.60,7.63,7.66,7.69,7.71,7.73,7.76,7.77,7.79,7.80,7.82,7.83,7.84,7.85,7.86,7.87,7.87,7.87,7.86,7.85,7.82,7.78,7.73,7.67,7.60,7.53,7.47,7.44,7.46,7.54,7.68,7.89,8.16,8.47,8.81,9.16,9.49,9.81,10.09,10.34,10.55,10.73,10.87,10.99,11.09,11.17,11.24,11.29,11.33,11.37,11.39,11.42,11.43,11.44,11.44,11.44,11.43,11.41,11.39,11.36,11.32,11.28,11.22,11.16,11.09,11.02,10.93,10.83,10.72,10.60,10.47,10.32,10.15,9.97,9.76,9.52,9.25,8.95,8.62,8.24,7.83,7.39,6.91,6.41,5.90,5.40,4.92,4.49,4.13,3.84,3.65,
7.39,7.41,7.42,7.45,7.47,7.50,7.52,7.55,7.58,7.61,7.63,7.66,7.68,7.70,7.71,7.73,7.74,7.75,7.76,7.77,7.78,7.79,7.80,7.81,7.82,7.82,7.83,7.83,7.83,7.82,7.80,7.77,7.73,7.69,7.65,7.62,7.62,7.66,7.74,7.87,8.06,8.30,8.57,8.87,9.17,9.46,9.74,10.00,10.23,10.42,10.59,10.74,10.86,10.96,11.05,11.12,11.18,11.23,11.27,11.31,11.34,11.36,11.38,11.39,11.39,11.39,11.38,11.36,11.34,11.31,11.27,11.22,11.16,11.09,11.01,10.93,10.83,10.72,10.60,10.47,10.32,10.16,9.97,9.77,9.53,9.27,8.99,8.66,8.31,7.92,7.50,7.06,6.59,6.12,5.65,5.21,4.81,4.47,4.20,4.01,
7.44,7.45,7.46,7.48,7.50,7.52,7.55,7.57,7.59,7.61,7.63,7.65,7.67,7.68,7.69,7.70,7.71,7.71,7.71,7.72,7.72,7.73,7.74,7.75,7.76,7.77,7.78,7.79,7.80,7.81,7.80,7.80,7.78,7.77,7.75,7.75,7.77,7.82,7.91,8.04,8.21,8.42,8.66,8.92,9.18,9.44,9.69,9.92,10.13,10.32,10.48,10.62,10.74,10.85,10.94,11.01,11.08,11.14,11.19,11.23,11.27,11.30,11.33,11.34,11.36,11.36,11.36,11.35,11.33,11.30,11.26,11.22,11.16,11.10,11.02,10.94,10.84,10.73,10.61,10.48,10.33,10.17,9.99,9.79,9.56,9.31,9.03,8.72,8.39,8.02,7.63,7.21,6.78,6.34,5.91,5.51,5.14,4.82,4.56,4.38,
7.47,7.49,7.50,7.51,7.53,7.55,7.57,7.58,7.60,7.62,7.63,7.64,7.65,7.66,7.66,7.67,7.67,7.67,7.66,7.66,7.66,7.66,7.67,7.68,7.69,7.71,7.73,7.75,7.77,7.78,7.80,7.81,7.82,7.82,7.84,7.86,7.89,7.96,8.05,8.17,8.33,8.52,8.73,8.96,9.19,9.43,9.65,9.86,10.05,10.23,10.38,10.52,10.64,10.74,10.84,10.92,10.99,11.06,11.12,11.17,11.21,11.25,11.28,11.31,11.33,11.34,11.35,11.34,11.33,11.30,11.27,11.23,11.17,11.11,11.04,10.95,10.86,10.75,10.63,10.50,10.36,10.19,10.02,9.82,9.60,9.36,9.09,8.80,8.48,8.14,7.77,7.38,6.98,6.58,6.18,5.81,5.46,5.17,4.93,4.75,
7.51,7.52,7.53,7.54,7.55,7.57,7.58,7.59,7.61,7.62,7.63,7.63,7.64,7.64,7.63,7.63,7.62,7.62,7.61,7.60,7.60,7.59,7.60,7.60,7.62,7.64,7.66,7.69,7.72,7.75,7.78,7.81,7.84,7.86,7.90,7.94,7.99,8.06,8.16,8.28,8.43,8.60,8.79,8.99,9.20,9.41,9.61,9.80,9.98,10.15,10.29,10.43,10.55,10.65,10.75,10.84,10.92,10.99,11.05,11.11,11.17,11.21,11.25,11.29,11.32,11.33,11.34,11.34,11.33,11.32,11.29,11.24,11.19,11.13,11.06,10.98,10.88,10.78,10.66,10.53,10.39,10.23,10.05,9.86,9.65,9.41,9.16,8.88,8.58,8.26,7.91,7.56,7.19,6.81,6.45,6.10,5.79,5.51,5.29,5.12,
7.54,7.54,7.55,7.56,7.57,7.58,7.59,7.60,7.61,7.61,7.62,7.62,7.62,7.61,7.60,7.59,7.58,7.56,7.55,7.54,7.52,7.52,7.52,7.52,7.53,7.55,7.58,7.62,7.66,7.70,7.75,7.79,7.84,7.88,7.93,7.99,8.06,8.14,8.24,8.36,8.50,8.66,8.83,9.02,9.21,9.39,9.58,9.76,9.92,10.08,10.22,10.35,10.47,10.57,10.67,10.76,10.85,10.93,11.00,11.07,11.13,11.18,11.23,11.28,11.31,11.34,11.35,11.36,11.35,11.34,11.31,11.27,11.23,11.16,11.09,11.01,10.92,10.81,10.69,10.57,10.42,10.27,10.10,9.91,9.70,9.48,9.24,8.97,8.69,8.39,8.07,7.73,7.39,7.05,6.71,6.39,6.10,5.85,5.64,5.47,
7.56,7.57,7.57,7.58,7.59,7.59,7.60,7.60,7.61,7.61,7.61,7.60,7.59,7.58,7.57,7.55,7.53,7.51,7.49,7.47,7.45,7.43,7.43,7.43,7.44,7.46,7.49,7.54,7.58,7.64,7.70,7.76,7.82,7.89,7.95,8.03,8.10,8.19,8.30,8.42,8.55,8.70,8.86,9.03,9.20,9.38,9.55,9.71,9.87,10.01,10.15,10.28,10.39,10.50,10.61,10.70,10.79,10.88,10.96,11.03,11.10,11.17,11.23,11.28,11.32,11.35,11.37,11.39,11.39,11.38,11.35,11.32,11.27,11.21,11.14,11.05,10.96,10.85,10.74,10.61,10.47,10.32,10.15,9.97,9.77,9.55,9.32,9.07,8.80,8.52,8.22,7.91,7.60,7.28,6.97,6.68,6.41,6.17,5.97,5.81,
7.58,7.58,7.59,7.59,7.60,7.60,7.60,7.61,7.60,7.60,7.59,7.58,7.57,7.55,7.53,7.51,7.48,7.45,7.42,7.39,7.36,7.34,7.33,7.33,7.34,7.36,7.39,7.44,7.50,7.57,7.64,7.72,7.79,7.87,7.96,8.04,8.13,8.23,8.34,8.46,8.59,8.73,8.88,9.04,9.20,9.36,9.52,9.67,9.82,9.96,10.09,10.21,10.33,10.44,10.55,10.65,10.74,10.83,10.92,11.01,11.09,11.16,11.23,11.29,11.34,11.38,11.41,11.43,11.43,11.42,11.40,11.37,11.32,11.26,11.19,11.11,11.01,10.91,10.79,10.66,10.52,10.37,10.21,10.03,9.84,9.63,9.41,9.17,8.92,8.65,8.38,8.09,7.80,7.50,7.22,6.95,6.70,6.48,6.29,6.14,
7.60,7.60,7.60,7.60,7.61,7.61,7.61,7.60,7.60,7.59,7.58,7.56,7.55,7.52,7.49,7.46,7.43,7.39,7.35,7.31,7.27,7.24,7.22,7.21,7.22,7.24,7.28,7.33,7.40,7.48,7.56,7.66,7.75,7.84,7.94,8.04,8.14,8.25,8.36,8.48,8.61,8.74,8.89,9.03,9.19,9.34,9.48,9.63,9.77,9.90,10.03,10.16,10.27,10.39,10.49,10.60,10.70,10.80,10.90,10.99,11.08,11.16,11.24,11.31,11.37,11.42,11.46,11.48,11.49,11.48,11.46,11.43,11.38,11.32,11.25,11.17,11.07,10.96,10.85,10.72,10.58,10.43,10.27,10.10,9.91,9.72,9.50,9.28,9.04,8.79,8.53,8.26,7.99,7.72,7.46,7.21,6.98,6.77,6.59,6.45,
7.61,7.61,7.61,7.61,7.61,7.61,7.61,7.60,7.59,7.58,7.56,7.54,7.52,7.49,7.45,7.41,7.37,7.32,7.27,7.23,7.18,7.14,7.11,7.09,7.09,7.11,7.15,7.21,7.29,7.38,7.48,7.58,7.69,7.80,7.91,8.02,8.13,8.25,8.36,8.49,8.61,8.75,8.89,9.03,9.17,9.31,9.45,9.59,9.73,9.86,9.98,10.10,10.22,10.34,10.45,10.56,10.67,10.77,10.88,10.98,11.08,11.18,11.27,11.35,11.42,11.47,11.52,11.55,11.56,11.56,11.54,11.51,11.46,11.40,11.32,11.24,11.14,11.03,10.91,10.78,10.65,10.50,10.34,10.17,9.99,9.80,9.60,9.39,9.16,8.92,8.68,8.43,8.18,7.93,7.69,7.45,7.24,7.04,6.88,6.74,
7.62,7.62,7.62,7.62,7.62,7.61,7.61,7.60,7.59,7.57,7.55,7.52,7.49,7.46,7.41,7.37,7.31,7.26,7.20,7.14,7.08,7.03,6.99,6.96,6.96,6.97,7.01,7.08,7.16,7.27,7.38,7.50,7.62,7.75,7.87,7.99,8.11,8.24,8.36,8.48,8.61,8.74,8.88,9.01,9.15,9.28,9.42,9.55,9.68,9.81,9.93,10.06,10.17,10.29,10.41,10.52,10.64,10.75,10.87,10.98,11.09,11.20,11.30,11.40,11.48,11.54,11.60,11.63,11.65,11.65,11.63,11.60,11.55,11.48,11.40,11.31,11.21,11.10,10.98,10.85,10.72,10.57,10.41,10.25,10.08,9.89,9.70,9.49,9.28,9.06,8.83,8.60,8.36,8.13,7.90,7.69,7.48,7.30,7.14,7.01,
7.63,7.63,7.63,7.62,7.62,7.61,7.60,7.59,7.58,7.56,7.53,7.50,7.47,7.42,7.37,7.32,7.26,7.19,7.12,7.05,6.98,6.91,6.86,6.82,6.81,6.82,6.87,6.94,7.03,7.14,7.27,7.41,7.55,7.69,7.82,7.96,8.09,8.21,8.34,8.47,8.60,8.73,8.86,8.99,9.12,9.26,9.39,9.52,9.64,9.77,9.89,10.01,10.13,10.25,10.37,10.49,10.62,10.74,10.87,10.99,11.12,11.24,11.35,11.46,11.55,11.63,11.69,11.73,11.75,11.76,11.74,11.70,11.65,11.58,11.50,11.40,11.30,11.18,11.06,10.93,10.79,10.64,10.49,10.33,10.16,9.98,9.79,9.60,9.40,9.19,8.97,8.75,8.53,8.32,8.10,7.90,7.71,7.54,7.39,7.26,
7.64,7.63,7.63,7.63,7.62,7.61,7.60,7.59,7.57,7.54,7.52,7.48,7.44,7.39,7.34,7.27,7.20,7.12,7.04,6.96,6.87,6.79,6.73,6.68,6.66,6.67,6.71,6.78,6.89,7.01,7.16,7.31,7.46,7.62,7.77,7.91,8.05,8.19,8.32,8.45,8.58,8.71,8.84,8.97,9.10,9.22,9.35,9.48,9.60,9.72,9.85,9.97,10.09,10.21,10.34,10.47,10.60,10.73,10.87,11.01,11.15,11.28,11.41,11.53,11.64,11.73,11.80,11.85,11.88,11.88,11.86,11.82,11.76,11.69,11.60,11.50,11.39,11.27,11.14,11.01,10.87,10.72,10.57,10.41,10.24,10.07,9.89,9.70,9.51,9.31,9.11,8.90,8.70,8.49,8.30,8.11,7.93,7.77,7.62,7.49,
7.64,7.64,7.63,7.63,7.62,7.61,7.60,7.58,7.56,7.53,7.50,7.46,7.42,7.36,7.30,7.23,7.15,7.06,6.97,6.87,6.77,6.67,6.59,6.53,6.50,6.50,6.54,6.62,6.74,6.88,7.04,7.21,7.38,7.55,7.71,7.86,8.01,8.15,8.29,8.43,8.56,8.69,8.81,8.94,9.07,9.19,9.32,9.44,9.56,9.68,9.80,9.93,10.05,10.18,10.30,10.44,10.58,10.72,10.87,11.03,11.18,11.34,11.49,11.62,11.75,11.85,11.93,11.99,12.02,12.02,12.00,11.95,11.89,11.81,11.71,11.60,11.48,11.36,11.23,11.09,10.95,10.80,10.65,10.49,10.33,10.16,9.99,9.81,9.62,9.43,9.24,9.05,8.85,8.66,8.47,8.30,8.13,7.97,7.83,7.71,
7.64,7.64,7.63,7.63,7.62,7.61,7.59,7.57,7.55,7.52,7.49,7.44,7.39,7.33,7.26,7.19,7.10,7.00,6.89,6.78,6.66,6.55,6.46,6.38,6.34,6.34,6.38,6.47,6.59,6.75,6.92,7.11,7.29,7.47,7.65,7.81,7.97,8.12,8.26,8.40,8.53,8.66,8.78,8.91,9.03,9.16,9.28,9.40,9.52,9.64,9.76,9.88,10.01,10.14,10.27,10.41,10.56,10.72,10.88,11.05,11.23,11.40,11.57,11.73,11.87,11.99,12.09,12.15,12.18,12.18,12.16,12.10,12.03,11.94,11.83,11.71,11.59,11.46,11.32,11.18,11.03,10.88,10.73,10.58,10.41,10.25,10.08,9.91,9.73,9.55,9.37,9.18,9.00,8.82,8.64,8.47,8.31,8.16,8.03,7.91,
7.64,7.64,7.63,7.63,7.62,7.60,7.59,7.57,7.54,7.51,7.47,7.43,7.37,7.31,7.23,7.15,7.05,6.94,6.82,6.70,6.57,6.44,6.33,6.24,6.18,6.17,6.22,6.31,6.45,6.62,6.81,7.01,7.21,7.40,7.59,7.76,7.93,8.08,8.23,8.36,8.50,8.63,8.75,8.88,9.00,9.12,9.24,9.36,9.48,9.60,9.72,9.84,9.97,10.10,10.24,10.38,10.54,10.71,10.89,11.08,11.27,11.47,11.67,11.85,12.02,12.16,12.26,12.34,12.37,12.37,12.33,12.27,12.19,12.08,11.96,11.83,11.70,11.56,11.41,11.26,11.12,10.96,10.81,10.66,10.50,10.34,10.17,10.01,9.83,9.66,9.49,9.31,9.14,8.96,8.80,8.63,8.48,8.34,8.21,8.10,
7.64,7.64,7.63,7.63,7.62,7.60,7.58,7.56,7.53,7.50,7.46,7.41,7.35,7.29,7.21,7.12,7.01,6.89,6.76,6.63,6.48,6.34,6.21,6.10,6.04,6.02,6.06,6.16,6.31,6.50,6.70,6.92,7.13,7.34,7.53,7.72,7.89,8.04,8.19,8.33,8.46,8.59,8.72,8.84,8.96,9.08,9.20,9.31,9.43,9.55,9.67,9.79,9.92,10.06,10.20,10.35,10.52,10.70,10.89,11.10,11.33,11.55,11.78,11.99,12.18,12.35,12.47,12.55,12.59,12.58,12.54,12.46,12.36,12.24,12.10,11.96,11.81,11.66,11.51,11.35,11.20,11.05,10.89,10.74,10.58,10.42,10.26,10.10,9.93,9.77,9.60,9.43,9.26,9.10,8.94,8.79,8.64,8.50,8.38,8.26,
7.64,7.64,7.63,7.62,7.61,7.60,7.58,7.56,7.53,7.49,7.45,7.40,7.34,7.27,7.18,7.09,6.98,6.85,6.71,6.56,6.41,6.25,6.10,5.99,5.91,5.89,5.93,6.04,6.19,6.39,6.61,6.84,7.07,7.28,7.49,7.67,7.85,8.01,8.16,8.30,8.43,8.56,8.68,8.80,8.92,9.04,9.15,9.27,9.39,9.50,9.62,9.75,9.87,10.01,10.15,10.31,10.49,10.68,10.89,11.13,11.38,11.64,11.90,12.15,12.38,12.56,12.71,12.79,12.83,12.82,12.76,12.67,12.54,12.40,12.25,12.09,11.93,11.76,11.60,11.44,11.28,11.13,10.97,10.82,10.66,10.50,10.35,10.19,10.03,9.87,9.70,9.54,9.38,9.22,9.07,8.92,8.78,8.65,8.53,8.42,
7.64,7.64,7.63,7.62,7.61,7.60,7.58,7.55,7.52,7.49,7.44,7.39,7.33,7.26,7.17,7.07,6.95,6.82,6.67,6.52,6.35,6.18,6.02,5.89,5.81,5.78,5.82,5.93,6.10,6.31,6.54,6.78,7.01,7.24,7.44,7.63,7.81,7.97,8.12,8.26,8.40,8.52,8.64,8.76,8.88,8.99,9.11,9.22,9.34,9.45,9.57,9.69,9.82,9.96,10.10,10.27,10.45,10.65,10.88,11.14,11.43,11.73,12.03,12.33,12.59,12.81,12.98,13.08,13.11,13.09,13.01,12.89,12.75,12.58,12.41,12.23,12.05,11.87,11.70,11.53,11.36,11.20,11.05,10.89,10.74,10.58,10.43,10.27,10.12,9.96,9.80,9.65,9.49,9.34,9.19,9.05,8.91,8.79,8.67,8.56,
7.64,7.63,7.63,7.62,7.61,7.59,7.58,7.55,7.52,7.48,7.44,7.39,7.32,7.25,7.16,7.05,6.94,6.80,6.65,6.48,6.31,6.13,5.97,5.83,5.74,5.71,5.75,5.86,6.03,6.25,6.49,6.73,6.97,7.20,7.41,7.60,7.78,7.94,8.09,8.23,8.36,8.48,8.60,8.72,8.83,8.95,9.06,9.17,9.29,9.40,9.52,9.64,9.76,9.90,10.04,10.21,10.39,10.61,10.86,11.15,11.47,11.82,12.18,12.53,12.84,13.10,13.29,13.40,13.43,13.39,13.29,13.14,12.97,12.77,12.57,12.37,12.17,11.98,11.79,11.61,11.44,11.28,11.12,10.96,10.81,10.66,10.50,10.35,10.20,10.05,9.89,9.74,9.59,9.45,9.30,9.16,9.03,8.91,8.79,8.68,
7.63,7.63,7.63,7.62,7.61,7.59,7.57,7.55,7.52,7.48,7.44,7.38,7.32,7.24,7.15,7.05,6.93,6.79,6.64,6.47,6.29,6.11,5.94,5.80,5.70,5.67,5.71,5.83,6.00,6.22,6.46,6.71,6.95,7.18,7.39,7.58,7.75,7.91,8.06,8.19,8.32,8.44,8.56,8.68,8.79,8.90,9.01,9.12,9.23,9.34,9.46,9.57,9.69,9.82,9.97,10.13,10.32,10.55,10.82,11.14,11.51,11.91,12.34,12.75,13.13,13.44,13.66,13.78,13.80,13.73,13.60,13.41,13.20,12.97,12.74,12.51,12.29,12.08,11.88,11.69,11.52,11.35,11.19,11.03,10.88,10.73,10.58,10.43,10.28,10.13,9.98,9.83,9.69,9.54,9.40,9.27,9.14,9.02,8.90,8.80,
7.63,7.63,7.62,7.62,7.61,7.59,7.58,7.55,7.52,7.49,7.44,7.39,7.32,7.25,7.16,7.05,6.93,6.79,6.64,6.47,6.29,6.11,5.94,5.80,5.71,5.68,5.72,5.83,6.01,6.22,6.46,6.71,6.94,7.17,7.37,7.56,7.73,7.88,8.03,8.16,8.29,8.40,8.52,8.63,8.74,8.85,8.95,9.06,9.17,9.28,9.39,9.50,9.62,9.74,9.88,10.04,10.23,10.46,10.75,11.10,11.52,11.99,12.50,13.00,13.46,13.83,14.08,14.21,14.21,14.11,13.93,13.70,13.44,13.17,12.90,12.65,12.40,12.18,11.97,11.77,11.59,11.42,11.25,11.10,10.94,10.79,10.65,10.50,10.35,10.20,10.06,9.91,9.77,9.63,9.49,9.36,9.24,9.12,9.01,8.90,
7.62,7.62,7.62,7.61,7.61,7.59,7.58,7.55,7.53,7.49,7.45,7.39,7.33,7.25,7.16,7.06,6.94,6.81,6.66,6.50,6.32,6.15,5.98,5.85,5.75,5.73,5.77,5.88,6.05,6.26,6.49,6.72,6.95,7.17,7.36,7.55,7.71,7.86,8.00,8.13,8.25,8.36,8.47,8.58,8.69,8.79,8.90,9.00,9.11,9.21,9.32,9.43,9.54,9.65,9.78,9.92,10.10,10.34,10.64,11.02,11.50,12.06,12.67,13.28,13.84,14.28,14.57,14.70,14.68,14.53,14.30,14.01,13.70,13.38,13.07,12.78,12.51,12.27,12.04,11.84,11.65,11.48,11.31,11.16,11.01,10.86,10.71,10.56,10.42,10.27,10.13,9.99,9.85,9.71,9.58,9.45,9.32,9.21,9.10,8.99,
7.62,7.62,7.62,7.61,7.61,7.60,7.58,7.56,7.53,7.50,7.45,7.40,7.34,7.26,7.18,7.08,6.96,6.84,6.69,6.53,6.37,6.20,6.05,5.92,5.84,5.81,5.85,5.96,6.12,6.32,6.53,6.76,6.97,7.18,7.37,7.54,7.70,7.84,7.97,8.09,8.21,8.32,8.42,8.53,8.63,8.73,8.83,8.94,9.04,9.14,9.24,9.35,9.45,9.55,9.66,9.79,9.95,10.17,10.48,10.90,11.44,12.10,12.84,13.59,14.27,14.80,15.14,15.27,15.21,15.00,14.69,14.33,13.95,13.58,13.23,12.90,12.61,12.35,12.11,11.90,11.71,11.53,11.37,11.21,11.06,10.91,10.77,10.62,10.48,10.34,10.20,10.05,9.92,9.78,9.65,9.52,9.40,9.29,9.18,9.07,
7.61,7.61,7.61,7.61,7.61,7.60,7.58,7.56,7.54,7.50,7.46,7.41,7.35,7.28,7.20,7.10,6.99,6.87,6.73,6.59,6.43,6.28,6.14,6.02,5.95,5.93,5.97,6.07,6.22,6.40,6.60,6.81,7.01,7.20,7.37,7.54,7.68,7.82,7.94,8.06,8.17,8.27,8.37,8.47,8.57,8.67,8.77,8.87,8.97,9.07,9.16,9.26,9.35,9.43,9.52,9.62,9.76,9.96,10.26,10.71,11.32,12.10,13.00,13.92,14.76,15.41,15.80,15.91,15.79,15.50,15.10,14.66,14.21,13.77,13.37,13.01,12.69,12.41,12.17,11.95,11.76,11.58,11.42,11.26,11.11,10.97,10.82,10.68,10.54,10.39,10.25,10.12,9.98,9.84,9.71,9.59,9.47,9.35,9.25,9.14,
7.60,7.61,7.61,7.61,7.61,7.60,7.59,7.57,7.55,7.52,7.48,7.43,7.37,7.30,7.22,7.13,7.03,6.91,6.79,6.65,6.51,6.37,6.25,6.15,6.08,6.07,6.10,6.19,6.33,6.49,6.68,6.86,7.05,7.22,7.39,7.54,7.67,7.80,7.91,8.02,8.12,8.22,8.32,8.41,8.51,8.60,8.70,8.79,8.89,8.99,9.08,9.16,9.24,9.31,9.37,9.43,9.53,9.69,9.98,10.44,11.13,12.04,13.14,14.28,15.32,16.10,16.54,16.62,16.42,16.03,15.52,14.98,14.45,13.95,13.50,13.10,12.76,12.47,12.21,11.99,11.79,11.62,11.46,11.30,11.16,11.01,10.87,10.73,10.59,10.45,10.31,10.17,10.03,9.90,9.77,9.65,9.53,9.41,9.31,9.20,
7.59,7.60,7.61,7.61,7.61,7.61,7.60,7.58,7.56,7.53,7.49,7.45,7.39,7.33,7.25,7.16,7.07,6.96,6.85,6.72,6.60,6.48,6.37,6.28,6.23,6.21,6.25,6.33,6.45,6.60,6.76,6.93,7.09,7.25,7.40,7.54,7.66,7.78,7.88,7.98,8.08,8.17,8.26,8.35,8.44,8.53,8.62,8.72,8.81,8.90,8.99,9.07,9.13,9.18,9.20,9.23,9.27,9.37,9.62,10.08,10.83,11.91,13.24,14.66,15.94,16.88,17.35,17.39,17.08,16.55,15.93,15.28,14.66,14.10,13.60,13.17,12.81,12.50,12.24,12.02,11.82,11.65,11.49,11.34,11.20,11.06,10.92,10.77,10.63,10.49,10.35,10.22,10.08,9.95,9.82,9.69,9.58,9.46,9.36,9.26,
7.59,7.60,7.61,7.61,7.62,7.62,7.61,7.60,7.58,7.55,7.51,7.47,7.41,7.35,7.28,7.20,7.11,7.01,6.91,6.80,6.69,6.58,6.49,6.42,6.37,6.37,6.40,6.47,6.57,6.70,6.85,6.99,7.14,7.28,7.42,7.54,7.65,7.76,7.85,7.94,8.03,8.11,8.19,8.28,8.36,8.45,8.54,8.63,8.72,8.82,8.90,8.97,9.02,9.04,9.04,9.01,8.98,9.00,9.18,9.61,10.43,11.67,13.28,15.03,16.59,17.69,18.20,18.15,17.72,17.05,16.29,15.54,14.83,14.21,13.67,13.21,12.83,12.52,12.25,12.03,11.84,11.67,11.52,11.38,11.23,11.09,10.96,10.82,10.67,10.53,10.39,10.26,10.12,9.99,9.86,9.73,9.62,9.50,9.40,9.30,
7.57,7.59,7.60,7.61,7.62,7.62,7.62,7.61,7.59,7.57,7.53,7.49,7.44,7.38,7.31,7.24,7.16,7.07,6.97,6.87,6.78,6.69,6.61,6.55,6.51,6.51,6.54,6.60,6.69,6.81,6.93,7.06,7.19,7.31,7.43,7.54,7.64,7.73,7.82,7.90,7.97,8.05,8.12,8.20,8.28,8.36,8.45,8.54,8.63,8.72,8.80,8.87,8.91,8.91,8.87,8.79,8.68,8.61,8.69,9.07,9.92,11.33,13.24,15.33,17.20,18.47,18.99,18.85,18.27,17.46,16.58,15.73,14.95,14.28,13.70,13.22,12.83,12.51,12.25,12.03,11.85,11.69,11.54,11.40,11.27,11.13,10.99,10.85,10.71,10.57,10.43,10.29,10.15,10.02,9.89,9.77,9.65,9.53,9.43,9.33,
7.56,7.58,7.60,7.62,7.63,7.64,7.64,7.63,7.61,7.59,7.56,7.52,7.47,7.41,7.35,7.28,7.20,7.12,7.03,6.95,6.87,6.79,6.72,6.67,6.65,6.65,6.67,6.73,6.81,6.90,7.01,7.12,7.23,7.34,7.44,7.53,7.62,7.70,7.78,7.85,7.91,7.98,8.05,8.11,8.19,8.27,8.35,8.44,8.53,8.62,8.71,8.77,8.81,8.79,8.72,8.58,8.40,8.22,8.19,8.49,9.35,10.91,13.08,15.51,17.65,19.06,19.59,19.36,18.66,17.74,16.76,15.83,15.00,14.28,13.69,13.20,12.80,12.48,12.23,12.02,11.85,11.70,11.56,11.43,11.30,11.16,11.02,10.88,10.74,10.60,10.46,10.32,10.18,10.04,9.91,9.79,9.67,9.56,9.45,9.35,
7.55,7.57,7.60,7.62,7.64,7.65,7.65,7.65,7.64,7.62,7.59,7.55,7.50,7.45,7.39,7.32,7.25,7.17,7.09,7.02,6.95,6.88,6.83,6.79,6.77,6.77,6.79,6.84,6.90,6.98,7.08,7.17,7.27,7.36,7.45,7.53,7.60,7.67,7.73,7.79,7.85,7.90,7.96,8.02,8.09,8.16,8.25,8.33,8.43,8.52,8.60,8.67,8.71,8.69,8.60,8.42,8.17,7.90,7.76,7.98,8.82,10.47,12.83,15.48,17.81,19.32,19.85,19.58,18.81,17.82,16.79,15.82,14.97,14.23,13.63,13.13,12.74,12.43,12.19,12.00,11.84,11.70,11.58,11.45,11.32,11.19,11.05,10.91,10.77,10.62,10.48,10.34,10.20,10.06,9.93,9.80,9.69,9.57,9.47,9.37,
7.54,7.57,7.60,7.62,7.65,7.66,7.67,7.67,7.67,7.65,7.62,7.58,7.54,7.48,7.42,7.36,7.29,7.22,7.15,7.08,7.02,6.96,6.92,6.88,6.87,6.87,6.89,6.93,6.99,7.06,7.13,7.21,7.29,7.37,7.45,7.51,7.58,7.63,7.68,7.73,7.77,7.82,7.87,7.92,7.98,8.05,8.13,8.21,8.31,8.41,8.50,8.57,8.62,8.60,8.51,8.32,8.03,7.70,7.49,7.65,8.46,10.11,12.51,15.20,17.57,19.11,19.67,19.42,18.67,17.69,16.67,15.70,14.85,14.12,13.52,13.04,12.66,12.37,12.14,11.97,11.83,11.71,11.59,11.47,11.35,11.22,11.08,10.94,10.79,10.64,10.50,10.35,10.21,10.07,9.94,9.81,9.69,9.58,9.47,9.37,
7.52,7.55,7.59,7.63,7.66,7.68,7.70,7.70,7.70,7.68,7.66,7.62,7.57,7.52,7.46,7.40,7.33,7.26,7.20,7.14,7.08,7.03,6.99,6.97,6.96,6.96,6.98,7.01,7.06,7.12,7.18,7.25,7.32,7.38,7.44,7.50,7.54,7.59,7.63,7.66,7.70,7.73,7.77,7.81,7.86,7.93,8.00,8.08,8.18,8.28,8.38,8.47,8.53,8.53,8.45,8.27,7.99,7.66,7.45,7.59,8.36,9.94,12.19,14.72,16.96,18.46,19.06,18.89,18.24,17.34,16.38,15.47,14.66,13.96,13.38,12.91,12.56,12.29,12.09,11.94,11.82,11.71,11.60,11.49,11.37,11.24,11.10,10.96,10.81,10.66,10.51,10.36,10.21,10.07,9.94,9.81,9.69,9.57,9.47,9.37,
7.50,7.54,7.59,7.63,7.67,7.70,7.73,7.74,7.74,7.72,7.70,7.66,7.61,7.56,7.50,7.43,7.37,7.30,7.24,7.18,7.13,7.09,7.06,7.03,7.02,7.03,7.05,7.08,7.12,7.17,7.22,7.27,7.33,7.38,7.43,7.47,7.51,7.54,7.56,7.59,7.61,7.63,7.66,7.69,7.74,7.79,7.86,7.94,8.04,8.14,8.26,8.36,8.44,8.47,8.43,8.29,8.05,7.78,7.62,7.79,8.52,9.95,11.93,14.15,16.13,17.51,18.14,18.09,17.58,16.82,15.97,15.15,14.40,13.75,13.20,12.77,12.44,12.20,12.03,11.90,11.80,11.71,11.62,11.51,11.39,11.26,11.12,10.97,10.82,10.66,10.51,10.36,10.21,10.06,9.93,9.80,9.67,9.56,9.45,9.36,
7.47,7.53,7.58,7.64,7.69,7.73,7.76,7.78,7.78,7.77,7.74,7.70,7.65,7.60,7.53,7.47,7.40,7.34,7.28,7.22,7.17,7.13,7.10,7.09,7.08,7.08,7.10,7.12,7.16,7.20,7.25,7.29,7.34,7.38,7.41,7.44,7.47,7.48,7.50,7.51,7.52,7.53,7.54,7.56,7.59,7.64,7.70,7.78,7.88,7.99,8.11,8.24,8.35,8.42,8.42,8.34,8.19,8.01,7.94,8.16,8.85,10.07,11.74,13.57,15.24,16.46,17.08,17.14,16.78,16.18,15.48,14.76,14.09,13.51,13.01,12.62,12.32,12.11,11.97,11.87,11.79,11.72,11.63,11.53,11.42,11.29,11.14,10.99,10.83,10.66,10.50,10.35,10.19,10.05,9.91,9.78,9.65,9.54,9.43,9.34,
7.45,7.51,7.58,7.65,7.71,7.76,7.80,7.83,7.83,7.82,7.80,7.76,7.70,7.64,7.57,7.50,7.43,7.36,7.30,7.25,7.20,7.16,7.14,7.12,7.12,7.12,7.14,7.16,7.19,7.22,7.26,7.30,7.33,7.37,7.39,7.41,7.42,7.43,7.42,7.42,7.41,7.41,7.41,7.42,7.44,7.47,7.53,7.60,7.70,7.81,7.95,8.10,8.24,8.35,8.41,8.41,8.35,8.28,8.31,8.58,9.21,10.23,11.58,13.05,14.41,15.44,16.02,16.16,15.95,15.50,14.94,14.34,13.77,13.25,12.81,12.47,12.21,12.03,11.92,11.84,11.79,11.73,11.65,11.56,11.44,11.30,11.15,10.99,10.83,10.66,10.49,10.33,10.17,10.02,9.88,9.74,9.62,9.51,9.40,9.30,
7.41,7.49,7.57,7.65,7.73,7.80,7.85,7.88,7.90,7.89,7.86,7.81,7.75,7.68,7.61,7.53,7.46,7.38,7.32,7.26,7.22,7.18,7.16,7.14,7.14,7.14,7.16,7.18,7.21,7.24,7.27,7.30,7.33,7.35,7.36,7.37,7.37,7.36,7.35,7.33,7.31,7.29,7.27,7.26,7.27,7.29,7.33,7.40,7.49,7.61,7.76,7.93,8.10,8.26,8.38,8.46,8.50,8.53,8.65,8.95,9.52,10.36,11.43,12.59,13.68,14.53,15.06,15.24,15.14,14.83,14.40,13.92,13.44,13.00,12.62,12.32,12.10,11.96,11.88,11.83,11.79,11.75,11.68,11.58,11.46,11.32,11.16,10.99,10.82,10.64,10.47,10.30,10.14,9.98,9.84,9.70,9.58,9.46,9.36,9.26,
7.37,7.46,7.56,7.66,7.76,7.84,7.91,7.95,7.97,7.96,7.93,7.88,7.81,7.73,7.65,7.56,7.48,7.40,7.33,7.27,7.22,7.19,7.16,7.15,7.15,7.15,7.17,7.19,7.21,7.24,7.27,7.29,7.31,7.33,7.33,7.33,7.31,7.29,7.26,7.23,7.19,7.15,7.12,7.10,7.09,7.09,7.12,7.18,7.26,7.39,7.54,7.73,7.94,8.14,8.33,8.48,8.60,8.73,8.91,9.23,9.74,10.43,11.28,12.19,13.05,13.75,14.22,14.43,14.40,14.20,13.89,13.52,13.13,12.77,12.45,12.20,12.02,11.91,11.85,11.83,11.80,11.77,11.70,11.60,11.47,11.32,11.16,10.98,10.80,10.61,10.43,10.26,10.09,9.93,9.79,9.65,9.52,9.41,9.30,9.21,
7.32,7.43,7.55,7.67,7.79,7.89,7.98,8.03,8.06,8.05,8.02,7.96,7.88,7.79,7.69,7.59,7.49,7.41,7.33,7.27,7.22,7.18,7.16,7.14,7.14,7.15,7.17,7.19,7.21,7.24,7.26,7.28,7.30,7.30,7.30,7.28,7.26,7.22,7.17,7.12,7.06,7.01,6.96,6.92,6.89,6.88,6.89,6.93,7.01,7.13,7.29,7.50,7.74,7.99,8.23,8.45,8.65,8.84,9.08,9.41,9.86,10.43,11.11,11.83,12.52,13.10,13.51,13.72,13.76,13.65,13.43,13.15,12.85,12.56,12.30,12.09,11.95,11.87,11.84,11.83,11.82,11.79,11.72,11.62,11.48,11.32,11.15,10.96,10.77,10.58,10.39,10.21,10.04,9.87,9.72,9.58,9.46,9.34,9.24,9.15,
7.26,7.39,7.53,7.68,7.83,7.96,8.06,8.13,8.17,8.16,8.12,8.05,7.95,7.84,7.73,7.61,7.50,7.40,7.32,7.25,7.20,7.16,7.13,7.12,7.12,7.13,7.15,7.17,7.20,7.23,7.25,7.27,7.28,7.27,7.26,7.24,7.20,7.14,7.08,7.01,6.93,6.86,6.79,6.73,6.68,6.65,6.64,6.67,6.73,6.84,7.00,7.23,7.50,7.80,8.10,8.38,8.64,8.89,9.16,9.49,9.90,10.38,10.93,11.51,12.07,12.55,12.91,13.13,13.21,13.16,13.02,12.83,12.60,12.37,12.17,12.01,11.90,11.85,11.83,11.84,11.84,11.80,11.73,11.62,11.48,11.31,11.12,10.93,10.73,10.53,10.33,10.14,9.97,9.80,9.65,9.51,9.38,9.27,9.16,9.08,
7.18,7.33,7.50,7.69,7.87,8.03,8.17,8.26,8.30,8.29,8.24,8.15,8.04,7.91,7.77,7.63,7.51,7.39,7.30,7.22,7.16,7.12,7.10,7.09,7.09,7.11,7.13,7.15,7.18,7.21,7.23,7.25,7.25,7.25,7.22,7.19,7.13,7.07,6.98,6.89,6.80,6.70,6.61,6.53,6.46,6.41,6.38,6.38,6.42,6.51,6.68,6.92,7.23,7.58,7.93,8.27,8.58,8.88,9.18,9.51,9.87,10.29,10.74,11.22,11.68,12.09,12.42,12.63,12.74,12.74,12.67,12.54,12.38,12.21,12.06,11.94,11.86,11.83,11.83,11.84,11.84,11.81,11.73,11.61,11.46,11.28,11.09,10.88,10.67,10.46,10.26,10.06,9.88,9.71,9.55,9.41,9.29,9.17,9.08,8.99,
7.08,7.26,7.47,7.69,7.92,8.12,8.29,8.40,8.46,8.45,8.38,8.28,8.14,7.98,7.81,7.65,7.50,7.37,7.27,7.18,7.12,7.07,7.05,7.04,7.05,7.07,7.09,7.12,7.16,7.18,7.21,7.22,7.23,7.22,7.19,7.14,7.07,6.99,6.88,6.77,6.65,6.53,6.42,6.32,6.23,6.16,6.11,6.07,6.08,6.15,6.32,6.58,6.92,7.32,7.74,8.14,8.51,8.84,9.16,9.48,9.81,10.17,10.56,10.96,11.35,11.71,12.00,12.22,12.35,12.39,12.37,12.30,12.19,12.07,11.96,11.88,11.83,11.81,11.82,11.84,11.83,11.79,11.71,11.59,11.43,11.24,11.03,10.81,10.59,10.38,10.16,9.96,9.78,9.60,9.45,9.30,9.18,9.07,8.97,8.89,
6.95,7.16,7.42,7.69,7.98,8.23,8.44,8.58,8.65,8.64,8.55,8.42,8.25,8.05,7.86,7.67,7.49,7.34,7.22,7.12,7.05,7.01,6.99,6.98,6.99,7.02,7.05,7.09,7.12,7.16,7.18,7.20,7.20,7.19,7.15,7.09,7.01,6.91,6.79,6.65,6.50,6.36,6.22,6.10,6.00,5.90,5.82,5.76,5.73,5.77,5.92,6.20,6.59,7.06,7.54,8.01,8.42,8.79,9.12,9.43,9.73,10.04,10.38,10.72,11.07,11.39,11.66,11.88,12.02,12.10,12.12,12.09,12.03,11.95,11.88,11.82,11.79,11.79,11.80,11.81,11.80,11.76,11.67,11.54,11.37,11.17,10.95,10.73,10.50,10.27,10.05,9.85,9.66,9.48,9.32,9.18,9.06,8.95,8.86,8.78,
6.80,7.04,7.34,7.69,8.04,8.37,8.63,8.81,8.88,8.86,8.76,8.59,8.37,8.14,7.90,7.67,7.47,7.30,7.16,7.05,6.98,6.93,6.91,6.91,6.93,6.96,7.00,7.04,7.09,7.13,7.16,7.18,7.18,7.16,7.12,7.05,6.95,6.83,6.69,6.52,6.35,6.18,6.02,5.87,5.75,5.65,5.55,5.44,5.36,5.36,5.49,5.79,6.24,6.78,7.35,7.88,8.35,8.75,9.08,9.37,9.65,9.92,10.21,10.52,10.82,11.12,11.38,11.59,11.75,11.85,11.90,11.91,11.88,11.84,11.80,11.76,11.74,11.75,11.76,11.76,11.75,11.70,11.60,11.46,11.29,11.08,10.86,10.62,10.38,10.15,9.92,9.71,9.51,9.34,9.18,9.04,8.92,8.81,8.73,8.66,
6.60,6.88,7.25,7.67,8.11,8.53,8.86,9.08,9.17,9.14,9.00,8.78,8.51,8.22,7.94,7.67,7.43,7.23,7.08,6.96,6.88,6.83,6.81,6.82,6.85,6.89,6.94,6.99,7.04,7.09,7.13,7.15,7.16,7.14,7.09,7.01,6.90,6.76,6.59,6.40,6.20,5.99,5.80,5.64,5.51,5.40,5.28,5.14,5.00,4.94,5.04,5.37,5.88,6.51,7.17,7.78,8.31,8.73,9.07,9.34,9.58,9.81,10.07,10.34,10.62,10.90,11.15,11.36,11.53,11.65,11.72,11.76,11.76,11.74,11.72,11.70,11.69,11.69,11.70,11.70,11.67,11.61,11.51,11.36,11.18,10.97,10.73,10.49,10.24,10.00,9.77,9.55,9.35,9.17,9.01,8.87,8.76,8.66,8.58,8.52,
6.35,6.67,7.11,7.63,8.20,8.72,9.14,9.41,9.52,9.46,9.28,9.00,8.67,8.31,7.97,7.65,7.38,7.15,6.98,6.85,6.76,6.72,6.70,6.72,6.76,6.81,6.87,6.93,7.00,7.06,7.10,7.13,7.14,7.12,7.07,6.98,6.86,6.70,6.50,6.28,6.04,5.80,5.58,5.39,5.26,5.15,5.04,4.87,4.67,4.54,4.61,4.96,5.55,6.27,7.03,7.72,8.31,8.76,9.09,9.33,9.53,9.73,9.95,10.19,10.45,10.72,10.97,11.18,11.36,11.49,11.58,11.63,11.65,11.65,11.64,11.63,11.62,11.62,11.62,11.61,11.57,11.50,11.39,11.24,11.05,10.83,10.59,10.33,10.08,9.83,9.59,9.36,9.16,8.98,8.82,8.69,8.58,8.49,8.42,8.37,
6.04,6.39,6.91,7.57,8.29,8.96,9.49,9.83,9.94,9.85,9.60,9.25,8.83,8.40,7.99,7.62,7.30,7.05,6.85,6.71,6.63,6.58,6.58,6.60,6.65,6.72,6.79,6.87,6.95,7.02,7.08,7.12,7.13,7.11,7.05,6.96,6.82,6.64,6.42,6.17,5.89,5.61,5.34,5.13,4.99,4.91,4.82,4.66,4.40,4.19,4.24,4.62,5.28,6.09,6.94,7.71,8.35,8.82,9.14,9.35,9.50,9.66,9.85,10.07,10.32,10.58,10.82,11.04,11.22,11.36,11.46,11.53,11.56,11.57,11.57,11.56,11.55,11.54,11.53,11.50,11.45,11.37,11.25,11.09,10.89,10.66,10.41,10.15,9.88,9.63,9.38,9.15,8.94,8.76,8.61,8.48,8.38,8.30,8.24,8.20,
5.66,6.04,6.65,7.47,8.39,9.25,9.93,10.33,10.44,10.30,9.97,9.52,9.01,8.49,8.00,7.57,7.20,6.91,6.70,6.55,6.47,6.43,6.44,6.48,6.54,6.62,6.71,6.81,6.90,6.98,7.05,7.10,7.12,7.11,7.05,6.95,6.80,6.60,6.36,6.07,5.75,5.41,5.10,4.86,4.70,4.66,4.64,4.51,4.22,3.97,3.99,4.39,5.11,6.00,6.92,7.76,8.44,8.93,9.23,9.39,9.50,9.62,9.78,9.98,10.22,10.48,10.72,10.94,11.12,11.27,11.38,11.45,11.49,11.51,11.51,11.50,11.48,11.46,11.43,11.39,11.32,11.23,11.09,10.92,10.71,10.47,10.21,9.94,9.66,9.39,9.14,8.91,8.70,8.52,8.37,8.25,8.16,8.09,8.04,8.01,
5.20,5.59,6.30,7.31,8.49,9.61,10.45,10.92,11.02,10.80,10.37,9.80,9.17,8.55,7.98,7.48,7.07,6.75,6.52,6.37,6.29,6.26,6.28,6.34,6.42,6.51,6.62,6.73,6.85,6.95,7.03,7.09,7.12,7.11,7.06,6.96,6.80,6.58,6.31,5.99,5.62,5.24,4.87,4.57,4.40,4.38,4.46,4.43,4.18,3.92,3.94,4.35,5.08,6.00,6.96,7.85,8.56,9.05,9.33,9.45,9.51,9.59,9.73,9.92,10.16,10.41,10.65,10.87,11.06,11.21,11.32,11.40,11.44,11.46,11.45,11.44,11.41,11.37,11.33,11.27,11.18,11.07,10.92,10.73,10.51,10.26,9.98,9.70,9.41,9.13,8.87,8.63,8.42,8.25,8.10,7.99,7.91,7.86,7.83,7.81,
4.67,5.04,5.84,7.08,8.59,10.02,11.07,11.60,11.66,11.34,10.78,10.08,9.32,8.59,7.93,7.36,6.90,6.55,6.31,6.16,6.09,6.08,6.11,6.19,6.28,6.40,6.53,6.66,6.79,6.91,7.01,7.09,7.13,7.13,7.08,6.98,6.82,6.59,6.29,5.94,5.53,5.09,4.66,4.30,4.08,4.09,4.28,4.40,4.27,4.07,4.10,4.50,5.21,6.11,7.07,7.96,8.68,9.17,9.42,9.50,9.52,9.57,9.70,9.89,10.12,10.37,10.62,10.84,11.03,11.18,11.30,11.37,11.41,11.43,11.41,11.39,11.34,11.29,11.23,11.14,11.04,10.90,10.73,10.53,10.29,10.02,9.73,9.43,9.12,8.83,8.56,8.32,8.11,7.94,7.81,7.71,7.64,7.60,7.59,7.60,
4.11,4.41,5.28,6.77,8.67,10.47,11.73,12.32,12.31,11.87,11.16,10.32,9.43,8.59,7.83,7.19,6.69,6.31,6.06,5.92,5.86,5.88,5.94,6.03,6.15,6.29,6.43,6.59,6.74,6.88,7.00,7.09,7.15,7.16,7.13,7.03,6.86,6.62,6.31,5.93,5.48,5.00,4.51,4.08,3.82,3.83,4.11,4.39,4.43,4.35,4.42,4.80,5.46,6.31,7.22,8.08,8.78,9.25,9.47,9.53,9.53,9.57,9.69,9.88,10.12,10.37,10.62,10.85,11.04,11.19,11.30,11.38,11.41,11.41,11.39,11.35,11.29,11.22,11.13,11.02,10.89,10.73,10.54,10.31,10.05,9.76,9.45,9.12,8.80,8.50,8.22,7.97,7.77,7.60,7.48,7.40,7.35,7.33,7.34,7.36,
3.57,3.78,4.67,6.40,8.71,10.89,12.36,12.96,12.87,12.31,11.47,10.49,9.48,8.53,7.68,6.98,6.43,6.03,5.78,5.66,5.63,5.67,5.76,5.88,6.02,6.17,6.34,6.51,6.69,6.85,6.99,7.11,7.18,7.21,7.18,7.09,6.93,6.69,6.37,5.97,5.50,4.98,4.45,3.98,3.69,3.70,4.02,4.41,4.61,4.67,4.81,5.18,5.78,6.55,7.39,8.19,8.84,9.27,9.48,9.53,9.53,9.58,9.70,9.90,10.15,10.41,10.66,10.89,11.09,11.24,11.35,11.41,11.44,11.43,11.39,11.33,11.25,11.16,11.04,10.91,10.75,10.56,10.34,10.08,9.79,9.47,9.14,8.79,8.45,8.13,7.84,7.59,7.38,7.23,7.12,7.06,7.03,7.04,7.07,7.12,
3.15,3.27,4.14,6.03,8.67,11.16,12.77,13.39,13.23,12.58,11.64,10.55,9.44,8.40,7.48,6.72,6.13,5.72,5.47,5.37,5.38,5.47,5.59,5.73,5.89,6.06,6.25,6.45,6.64,6.83,6.99,7.13,7.23,7.28,7.26,7.19,7.03,6.80,6.47,6.07,5.59,5.05,4.51,4.04,3.75,3.75,4.07,4.49,4.80,4.98,5.20,5.57,6.12,6.81,7.56,8.27,8.86,9.26,9.46,9.52,9.54,9.60,9.74,9.96,10.21,10.49,10.75,10.98,11.18,11.32,11.43,11.48,11.49,11.47,11.42,11.34,11.23,11.11,10.97,10.80,10.61,10.39,10.14,9.85,9.52,9.17,8.80,8.43,8.06,7.72,7.42,7.16,6.96,6.82,6.73,6.69,6.69,6.72,6.78,6.86,
2.95,3.01,3.86,5.79,8.54,11.14,12.81,13.44,13.28,12.60,11.61,10.47,9.30,8.19,7.22,6.41,5.78,5.36,5.12,5.07,5.14,5.28,5.45,5.61,5.78,5.97,6.17,6.38,6.60,6.81,7.00,7.16,7.29,7.36,7.37,7.31,7.17,6.95,6.63,6.23,5.76,5.23,4.70,4.25,3.98,3.99,4.27,4.68,5.02,5.29,5.57,5.94,6.45,7.06,7.72,8.35,8.87,9.23,9.43,9.51,9.56,9.66,9.82,10.05,10.32,10.61,10.88,11.12,11.31,11.45,11.55,11.59,11.59,11.54,11.47,11.36,11.23,11.08,10.90,10.71,10.48,10.22,9.93,9.60,9.24,8.85,8.44,8.03,7.63,7.27,6.95,6.70,6.50,6.37,6.31,6.29,6.32,6.39,6.48,6.59,
3.01,3.08,3.91,5.76,8.36,10.82,12.44,13.08,12.97,12.33,11.37,10.24,9.06,7.92,6.91,6.06,5.41,4.96,4.74,4.74,4.90,5.13,5.34,5.52,5.69,5.88,6.09,6.33,6.57,6.80,7.02,7.21,7.36,7.46,7.49,7.46,7.34,7.14,6.85,6.47,6.02,5.51,5.02,4.61,4.37,4.37,4.61,4.96,5.30,5.61,5.92,6.30,6.76,7.31,7.88,8.43,8.88,9.21,9.41,9.53,9.62,9.75,9.94,10.19,10.48,10.78,11.06,11.30,11.50,11.64,11.72,11.74,11.72,11.65,11.55,11.41,11.25,11.07,10.86,10.62,10.35,10.05,9.72,9.34,8.94,8.50,8.05,7.60,7.17,6.79,6.45,6.19,6.01,5.90,5.86,5.87,5.94,6.04,6.16,6.31,
3.30,3.45,4.26,5.92,8.16,10.30,11.77,12.41,12.37,11.83,10.96,9.88,8.73,7.60,6.57,5.70,5.01,4.54,4.32,4.39,4.69,5.05,5.30,5.47,5.63,5.82,6.04,6.28,6.54,6.80,7.05,7.27,7.45,7.58,7.64,7.64,7.55,7.38,7.12,6.77,6.35,5.89,5.44,5.07,4.86,4.85,5.03,5.32,5.64,5.95,6.27,6.63,7.06,7.54,8.04,8.52,8.92,9.23,9.44,9.58,9.72,9.89,10.11,10.39,10.70,11.01,11.30,11.55,11.74,11.87,11.94,11.94,11.89,11.80,11.66,11.49,11.30,11.07,10.82,10.55,10.24,9.89,9.51,9.09,8.63,8.14,7.64,7.15,6.68,6.26,5.92,5.66,5.48,5.39,5.38,5.43,5.54,5.68,5.84,6.02,
3.75,3.98,4.76,6.17,8.00,9.74,10.99,11.60,11.62,11.19,10.42,9.43,8.34,7.25,6.23,5.34,4.62,4.09,3.84,3.98,4.51,5.07,5.36,5.48,5.60,5.77,5.99,6.25,6.53,6.82,7.10,7.35,7.56,7.72,7.82,7.86,7.81,7.67,7.45,7.14,6.77,6.35,5.95,5.62,5.42,5.40,5.52,5.75,6.02,6.31,6.62,6.96,7.35,7.78,8.22,8.63,9.00,9.29,9.51,9.69,9.87,10.08,10.34,10.65,10.98,11.31,11.62,11.87,12.06,12.17,12.22,12.19,12.11,11.98,11.81,11.60,11.36,11.10,10.81,10.49,10.13,9.74,9.30,8.83,8.31,7.77,7.22,6.67,6.16,5.72,5.35,5.09,4.93,4.86,4.89,4.98,5.13,5.31,5.52,5.73,
4.26,4.55,5.27,6.43,7.87,9.24,10.25,10.79,10.84,10.49,9.83,8.95,7.95,6.91,5.92,5.03,4.27,3.67,3.31,3.45,4.35,5.26,5.52,5.54,5.60,5.75,5.97,6.24,6.54,6.85,7.16,7.44,7.69,7.89,8.03,8.11,8.11,8.02,7.84,7.58,7.25,6.89,6.53,6.23,6.04,5.99,6.06,6.23,6.45,6.70,6.98,7.29,7.64,8.02,8.40,8.77,9.11,9.39,9.63,9.85,10.07,10.33,10.63,10.97,11.33,11.69,12.00,12.26,12.44,12.54,12.56,12.50,12.38,12.21,11.99,11.74,11.46,11.15,10.81,10.44,10.03,9.59,9.10,8.57,7.99,7.39,6.78,6.18,5.62,5.15,4.76,4.50,4.35,4.32,4.38,4.52,4.71,4.94,5.19,5.45,
4.77,5.08,5.71,6.65,7.76,8.82,9.62,10.06,10.11,9.83,9.26,8.48,7.57,6.61,5.67,4.79,4.01,3.33,2.81,2.80,4.19,5.62,5.74,5.62,5.61,5.74,5.96,6.24,6.56,6.90,7.23,7.55,7.84,8.09,8.28,8.40,8.45,8.42,8.30,8.09,7.81,7.49,7.17,6.89,6.70,6.61,6.64,6.74,6.91,7.11,7.35,7.63,7.93,8.27,8.61,8.94,9.26,9.54,9.80,10.06,10.32,10.63,10.97,11.36,11.76,12.14,12.48,12.74,12.91,12.99,12.97,12.87,12.70,12.48,12.21,11.91,11.58,11.22,10.83,10.41,9.95,9.45,8.90,8.31,7.68,7.01,6.34,5.68,5.08,4.57,4.17,3.91,3.78,3.78,3.88,4.07,4.31,4.58,4.87,5.17,
5.22,5.53,6.08,6.83,7.68,8.48,9.10,9.44,9.48,9.24,8.74,8.06,7.24,6.37,5.49,4.66,3.89,3.18,2.58,2.41,4.04,5.79,5.82,5.64,5.62,5.74,5.97,6.26,6.61,6.97,7.33,7.69,8.02,8.31,8.55,8.73,8.84,8.87,8.81,8.67,8.45,8.17,7.87,7.60,7.39,7.27,7.24,7.28,7.38,7.54,7.73,7.96,8.23,8.52,8.83,9.14,9.44,9.73,10.02,10.31,10.62,10.98,11.38,11.81,12.26,12.68,13.04,13.31,13.47,13.51,13.45,13.30,13.07,12.79,12.46,12.10,11.72,11.30,10.86,10.39,9.88,9.32,8.72,8.06,7.37,6.64,5.90,5.19,4.54,3.99,3.58,3.32,3.21,3.25,3.39,3.63,3.92,4.24,4.57,4.91,
5.60,5.90,6.36,6.95,7.61,8.21,8.68,8.93,8.95,8.73,8.30,7.70,6.98,6.20,5.40,4.63,3.92,3.27,2.76,2.72,4.03,5.47,5.66,5.59,5.61,5.75,6.00,6.31,6.67,7.06,7.46,7.85,8.22,8.56,8.86,9.11,9.29,9.39,9.40,9.32,9.15,8.92,8.64,8.36,8.13,7.96,7.86,7.84,7.88,7.97,8.12,8.31,8.53,8.79,9.07,9.36,9.65,9.96,10.27,10.60,10.97,11.38,11.84,12.34,12.84,13.31,13.70,13.97,14.11,14.12,14.01,13.79,13.49,13.14,12.75,12.33,11.88,11.41,10.91,10.39,9.82,9.21,8.55,7.83,7.07,6.28,5.49,4.72,4.02,3.45,3.02,2.77,2.68,2.75,2.94,3.21,3.55,3.92,4.29,4.66,
5.92,6.19,6.57,7.04,7.54,8.00,8.34,8.53,8.52,8.32,7.94,7.41,6.78,6.09,5.38,4.70,4.07,3.54,3.20,3.31,4.16,5.09,5.42,5.50,5.60,5.78,6.05,6.38,6.76,7.17,7.60,8.03,8.45,8.84,9.21,9.53,9.78,9.97,10.06,10.05,9.94,9.73,9.47,9.18,8.90,8.67,8.50,8.41,8.38,8.42,8.51,8.65,8.84,9.06,9.31,9.59,9.89,10.20,10.54,10.92,11.34,11.82,12.35,12.92,13.49,14.02,14.44,14.73,14.85,14.81,14.63,14.33,13.96,13.53,13.06,12.57,12.06,11.53,10.98,10.40,9.78,9.11,8.40,7.63,6.81,5.96,5.10,4.29,3.55,2.95,2.51,2.26,2.20,2.30,2.52,2.85,3.22,3.63,4.04,4.45,
6.18,6.41,6.73,7.10,7.48,7.83,8.08,8.20,8.17,7.98,7.65,7.19,6.64,6.04,5.42,4.83,4.30,3.89,3.68,3.81,4.33,4.92,5.26,5.44,5.61,5.84,6.13,6.48,6.88,7.31,7.77,8.23,8.70,9.16,9.59,9.99,10.33,10.60,10.79,10.86,10.80,10.63,10.36,10.04,9.70,9.40,9.16,8.99,8.89,8.86,8.90,9.00,9.15,9.34,9.57,9.84,10.14,10.47,10.84,11.26,11.74,12.29,12.90,13.55,14.20,14.79,15.26,15.55,15.65,15.55,15.30,14.92,14.45,13.94,13.39,12.83,12.26,11.67,11.06,10.42,9.75,9.04,8.27,7.45,6.57,5.67,4.77,3.91,3.14,2.52,2.07,1.83,1.79,1.91,2.18,2.53,2.95,3.39,3.83,4.26,
6.39,6.59,6.85,7.14,7.43,7.69,7.87,7.94,7.90,7.72,7.43,7.03,6.55,6.03,5.50,5.00,4.56,4.24,4.10,4.20,4.53,4.92,5.22,5.45,5.66,5.92,6.23,6.60,7.01,7.47,7.96,8.46,8.98,9.49,10.00,10.48,10.92,11.30,11.58,11.73,11.74,11.59,11.31,10.94,10.53,10.15,9.82,9.57,9.40,9.31,9.29,9.34,9.45,9.62,9.83,10.09,10.39,10.74,11.15,11.62,12.16,12.78,13.47,14.21,14.94,15.61,16.12,16.43,16.50,16.34,16.00,15.52,14.96,14.36,13.73,13.10,12.46,11.81,11.15,10.46,9.74,8.98,8.17,7.30,6.38,5.44,4.50,3.61,2.81,2.17,1.73,1.49,1.46,1.61,1.90,2.29,2.73,3.19,3.66,4.11,
6.56,6.72,6.93,7.16,7.39,7.58,7.70,7.74,7.68,7.52,7.26,6.91,6.50,6.06,5.61,5.19,4.83,4.57,4.47,4.53,4.74,5.01,5.27,5.51,5.75,6.03,6.36,6.74,7.17,7.65,8.16,8.71,9.27,9.85,10.43,11.01,11.55,12.04,12.43,12.67,12.74,12.61,12.30,11.87,11.38,10.90,10.48,10.14,9.90,9.74,9.67,9.68,9.76,9.90,10.09,10.35,10.65,11.02,11.45,11.97,12.56,13.25,14.03,14.86,15.68,16.42,16.99,17.31,17.35,17.13,16.70,16.13,15.47,14.78,14.07,13.36,12.66,11.96,11.24,10.51,9.75,8.95,8.09,7.19,6.24,5.27,4.30,3.39,2.58,1.94,1.49,1.26,1.24,1.41,1.71,2.11,2.57,3.05,3.53,4.00,
6.69,6.83,7.00,7.18,7.35,7.49,7.57,7.59,7.52,7.37,7.14,6.84,6.49,6.11,5.73,5.38,5.08,4.88,4.79,4.82,4.97,5.17,5.39,5.63,5.88,6.18,6.52,6.91,7.35,7.85,8.39,8.96,9.58,10.22,10.88,11.55,12.20,12.81,13.31,13.65,13.77,13.65,13.31,12.81,12.23,11.65,11.13,10.70,10.38,10.16,10.04,10.00,10.05,10.16,10.35,10.59,10.91,11.29,11.75,12.30,12.95,13.71,14.56,15.47,16.38,17.19,17.81,18.14,18.15,17.87,17.35,16.69,15.94,15.17,14.38,13.61,12.85,12.10,11.34,10.57,9.77,8.93,8.05,7.12,6.15,5.16,4.19,3.27,2.46,1.81,1.37,1.15,1.14,1.31,1.62,2.02,2.49,2.97,3.46,3.93,
6.80,6.92,7.05,7.19,7.32,7.42,7.47,7.47,7.40,7.26,7.06,6.80,6.50,6.18,5.86,5.57,5.32,5.15,5.08,5.09,5.20,5.36,5.56,5.79,6.04,6.34,6.69,7.09,7.55,8.06,8.62,9.23,9.89,10.59,11.33,12.09,12.85,13.57,14.18,14.61,14.79,14.68,14.30,13.72,13.04,12.35,11.74,11.23,10.83,10.56,10.39,10.31,10.33,10.42,10.59,10.83,11.15,11.55,12.03,12.62,13.31,14.12,15.03,16.01,16.99,17.86,18.51,18.85,18.84,18.51,17.92,17.18,16.36,15.51,14.66,13.84,13.03,12.23,11.44,10.63,9.81,8.95,8.04,7.10,6.12,5.13,4.15,3.24,2.44,1.81,1.37,1.15,1.14,1.31,1.61,2.01,2.47,2.95,3.44,3.90,
6.89,6.98,7.09,7.20,7.29,7.36,7.39,7.38,7.31,7.18,7.01,6.78,6.53,6.26,5.99,5.75,5.55,5.41,5.34,5.35,5.43,5.57,5.75,5.97,6.23,6.53,6.88,7.29,7.75,8.27,8.85,9.49,10.19,10.95,11.75,12.60,13.46,14.28,15.00,15.52,15.75,15.64,15.21,14.55,13.78,13.00,12.30,11.71,11.26,10.93,10.71,10.60,10.59,10.67,10.82,11.06,11.38,11.78,12.28,12.89,13.62,14.47,15.42,16.45,17.47,18.38,19.05,19.40,19.37,19.00,18.37,17.57,16.69,15.79,14.89,14.02,13.18,12.35,11.53,10.70,9.85,8.98,8.07,7.12,6.15,5.16,4.20,3.31,2.53,1.91,1.48,1.27,1.25,1.41,1.70,2.08,2.52,2.99,3.46,3.92,
6.96,7.04,7.12,7.21,7.28,7.32,7.34,7.32,7.25,7.13,6.98,6.79,6.57,6.35,6.13,5.92,5.76,5.64,5.59,5.60,5.67,5.79,5.96,6.17,6.43,6.73,7.08,7.49,7.96,8.49,9.09,9.75,10.48,11.28,12.14,13.06,14.00,14.91,15.71,16.29,16.56,16.45,15.99,15.27,14.42,13.57,12.79,12.14,11.63,11.26,11.01,10.87,10.84,10.89,11.04,11.27,11.58,11.99,12.50,13.13,13.87,14.74,15.71,16.76,17.79,18.71,19.39,19.73,19.69,19.30,18.65,17.83,16.92,15.99,15.06,14.17,13.29,12.44,11.60,10.76,9.91,9.03,8.12,7.18,6.22,5.26,4.33,3.46,2.71,2.11,1.70,1.48,1.46,1.59,1.86,2.22,2.64,3.08,3.54,3.98,
7.03,7.09,7.15,7.22,7.27,7.30,7.30,7.27,7.21,7.11,6.97,6.81,6.63,6.44,6.26,6.09,5.95,5.86,5.82,5.83,5.90,6.01,6.17,6.38,6.63,6.93,7.29,7.70,8.17,8.71,9.31,9.99,10.74,11.57,12.47,13.43,14.43,15.40,16.26,16.89,17.18,17.07,16.58,15.82,14.92,14.02,13.20,12.51,11.96,11.55,11.27,11.11,11.06,11.10,11.23,11.45,11.77,12.17,12.69,13.31,14.06,14.92,15.89,16.93,17.95,18.84,19.51,19.84,19.80,19.41,18.77,17.95,17.04,16.10,15.17,14.26,13.38,12.52,11.67,10.82,9.97,9.09,8.20,7.28,6.34,5.41,4.51,3.69,2.97,2.40,2.00,1.78,1.74,1.85,2.09,2.42,2.81,3.22,3.65,4.07,
7.08,7.13,7.18,7.23,7.26,7.28,7.28,7.25,7.19,7.10,6.98,6.84,6.69,6.53,6.38,6.25,6.14,6.07,6.04,6.05,6.12,6.23,6.39,6.59,6.84,7.14,7.49,7.90,8.37,8.91,9.51,10.20,10.96,11.80,12.73,13.72,14.74,15.74,16.61,17.25,17.55,17.44,16.95,16.18,15.27,14.35,13.52,12.80,12.23,11.80,11.51,11.33,11.26,11.28,11.40,11.62,11.92,12.32,12.83,13.45,14.18,15.03,15.97,16.96,17.93,18.79,19.42,19.73,19.69,19.33,18.71,17.92,17.04,16.11,15.20,14.30,13.42,12.56,11.72,10.88,10.03,9.17,8.29,7.40,6.50,5.61,4.75,3.97,3.29,2.74,2.36,2.14,2.09,2.18,2.38,2.67,3.02,3.41,3.80,4.19,
